<?xml version="1.0" encoding="UTF-8"?>
<project-private xmlns="http://www.netbeans.org/ns/project-private/1">
    <editor-bookmarks xmlns="http://www.netbeans.org/ns/editor-bookmarks/2" lastBookmarkId="0"/>
    <open-files xmlns="http://www.netbeans.org/ns/projectui-open-files/2">
        <group>
            <file>file:/C:/Users/Ayaz%20Hussain/Documents/NetBeansProjects/ATM/src/atm/LoginPage.java</file>
            <file>file:/C:/Users/Ayaz%20Hussain/Documents/NetBeansProjects/ATM/src/atm/ForgetPassword.java</file>
            <file>file:/C:/Users/Ayaz%20Hussain/Documents/NetBeansProjects/ATM/src/atm/OtherAmountPage.java</file>
            <file>file:/C:/Users/Ayaz%20Hussain/Documents/NetBeansProjects/ATM/src/atm/CheckBalancePage.java</file>
            <file>file:/C:/Users/Ayaz%20Hussain/Documents/NetBeansProjects/ATM/src/atm/TransferAmount.java</file>
            <file>file:/C:/Users/Ayaz%20Hussain/Documents/NetBeansProjects/ATM/src/atm/ConnectionProvider.java</file>
            <file>file:/C:/Users/Ayaz%20Hussain/Documents/NetBeansProjects/ATM/src/atm/TransictionPage.java</file>
            <file>file:/C:/Users/Ayaz%20Hussain/Documents/NetBeansProjects/ATM/src/atm/SignUpPage.java</file>
            <file>file:/C:/Users/Ayaz%20Hussain/Documents/NetBeansProjects/ATM/src/atm/WithDrawPage.java</file>
            <file>file:/C:/Users/Ayaz%20Hussain/Documents/NetBeansProjects/ATM/src/atm/DepositAmountPage.java</file>
        </group>
    </open-files>
</project-private>
